pvalue,logFC,gene
0.000001,2.80,TP53
0.000003,2.55,EGFR
0.000007,2.30,AKT1
0.000012,2.10,MYC
0.000020,2.45,CDK1
0.000035,2.20,CCNB1
0.000050,2.15,TOP2A
0.000080,1.95,CDC20
0.000120,1.85,BIRC5
0.000180,1.70,AURKB
0.000250,1.90,PTPRC
0.000400,1.75,TYROBP
0.000650,1.60,HLA-DRA
0.000900,1.55,CD74
0.001200,1.50,C1QA
0.001600,1.45,C1QB
0.002100,1.40,C1QC
0.002800,1.35,CXCL9
0.003500,1.30,CCL5
0.004500,1.25,CCR5
